name    ,1 (%)             ,total (%)         ,grade
Student0,10.818713450292398,10.818713450292398,F
Student1,40.0              ,40.0              ,F
Student2,40.0              ,40.0              ,F
