name, 1, total (%), grade
Student0, 110.00000000000001, 110.00000000000001, A
Student1, 100.0, 100.0, A
Student2, 90.0, 90.0, A